id_partida,mapa,kills,asistencias,muertes,headshots,rango,subrango,acs,fb,fd,racha,rondas_ganadas,rondas_perdidas,es_main,num_amigos,desconocidos
2c55e1ab-f6bc-4977-b922-8ea328c17b4b,Fracture,17,6,20,15,Diamond,1.0,229.909,2,3,0,9,13,0,2,2
09004179-5baf-474e-95b3-f2e91d438ead,Breeze,13,4,11,9,Diamond,1.0,185.056,1,1,1,13,5,1,1,3
4d8036cc-3edc-4d83-8e4b-7afd8dba6f1b,Fracture,6,1,13,3,Diamond,1.0,143.923,0,3,0,0,13,1,1,3
138f4118-a314-4096-a3b4-373b76c74fb6,Pearl,20,9,15,12,Diamond,1.0,203.5,1,1,1,14,12,0,2,2
6c7a27ac-99f6-4e79-baa6-a7f29d69c6cb,Pearl,14,3,7,10,Diamond,1.0,249.067,0,2,2,13,2,0,1,3
d6eba345-8b95-4249-8ef3-210bab1f7b6f,Lotus,21,3,19,11,Diamond,1.0,276.087,7,3,1,13,10,1,1,3
0eaaf809-4f36-4de2-8cf2-12ce30d89d9f,Split,8,7,17,4,Diamond,1.0,124.5,1,1,0,7,13,0,1,3
bf7b133f-eaac-4d1c-ae2b-b674a6b73eed,Haven,16,8,15,13,Diamond,1.0,208.304,1,0,1,13,10,0,0,4
eac0293a-353a-436c-81fa-644a433a696e,Ascent,14,4,15,10,Diamond,1.0,211.421,2,1,0,6,13,0,0,4
46c039f3-a038-4c88-a690-6325884eadcd,Haven,16,4,5,10,Diamond,1.0,259.688,2,0,1,13,3,0,0,4
6dff9105-1176-4df2-9950-e849c4e99f36,Ascent,24,7,19,17,Diamond,1.0,322.348,7,2,0,10,13,0,1,3
ddd8713c-8075-4cb5-b5df-6c089c98e418,Split,23,8,21,10,Diamond,1.0,230.6,2,5,0,14,16,1,1,3
b68ff50f-5533-4e42-be02-a6782fa22252,Pearl,18,13,19,14,Diamond,1.0,261.955,4,3,1,13,9,0,1,3
f804a62a-b318-415c-bf2e-8b97f716c5d7,Ascent,13,7,20,5,Diamond,1.0,179.917,1,3,0,11,13,0,1,3
4035d6c8-f585-4646-a1b5-e75f5432c12c,Lotus,24,3,22,19,Diamond,1.0,271.885,9,5,1,14,12,0,1,3
a61c7006-f3b5-4111-9d79-bd002bb6ee52,Breeze,8,6,16,8,Diamond,1.0,166.588,0,3,0,4,13,0,0,4
c6d84604-f6a1-4a7c-a998-0a812abcc361,Fracture,16,5,19,14,Diamond,1.0,284.421,1,3,0,6,13,0,0,4
12060635-b6a8-4c36-a09c-4381fc4caa13,Haven,13,6,23,9,Diamond,1.0,170.231,1,1,0,12,14,1,1,3
62b265c1-b62e-4c3b-ab83-7abef4c21289,Split,12,3,7,6,Diamond,1.0,231.692,2,2,1,13,0,1,1,3
620dc231-61c5-42fa-a9be-f471ffe87cb2,Pearl,12,6,11,8,Diamond,1.0,185.579,2,3,2,13,6,0,1,3
edc5e060-9c29-4fdd-9ed6-a33b236edcfb,Breeze,11,10,17,9,Diamond,1.0,199.474,1,2,0,6,13,1,0,4
9ef96f6c-be10-4048-9f87-7a6cebdbeec7,Split,21,8,26,13,Diamond,1.0,224.067,5,3,0,14,16,0,1,3
ed800906-2e92-492d-993e-5e61830eed64,Breeze,21,11,23,16,Diamond,1.0,228.536,2,3,0,14,14,1,1,3
96729978-d878-490b-a840-7ba14f1366b1,Fracture,5,1,5,4,Diamond,1.0,120.308,0,0,0,0,5,0,1,3
f81841a7-01d8-45eb-81fc-edc5c2607a22,Pearl,17,7,10,12,Diamond,1.0,217.368,1,3,1,13,6,0,1,3
ee91e2de-32b2-4862-a3ba-551df2806247,Split,10,9,20,7,Diamond,1.0,134.042,2,4,1,13,11,0,1,3
bc49d6a0-bc6a-4d4c-8145-bde0ad4671d4,Fracture,11,7,16,14,Diamond,1.0,227.833,2,2,0,5,13,0,1,3
223f8291-401f-4792-a0c2-769b5c8cbaa9,Ascent,20,6,25,14,Diamond,1.0,241.071,8,9,1,15,13,0,1,3
596ada9f-c8b1-408d-ac28-90af5f210bdd,Haven,10,4,21,7,Diamond,1.0,123.808,2,2,0,12,14,0,1,3
15284535-4403-466e-8973-2b373d1c35e1,Breeze,18,2,18,9,Diamond,1.0,254.667,8,1,1,13,8,0,1,3
417fd860-c7d3-48a2-8bc5-1489debc9aa6,Haven,9,6,15,9,Diamond,1.0,118.955,1,3,2,13,9,0,1,3
334505bc-341e-4828-9691-c3d27d93f3be,Pearl,16,6,13,10,Diamond,1.0,294.5,2,2,1,13,3,0,0,4
4726bba0-aec8-47bd-94a9-cb0428d6d435,Ascent,15,5,16,15,Diamond,1.0,224.773,3,4,0,9,13,0,0,4
385e8707-f0ae-4327-81ce-99f49d4bd4a6,Pearl,16,6,17,14,Diamond,1.0,204.083,1,0,0,11,13,0,0,4
e4674fa2-e24a-4a36-acbd-58a9748b812a,Fracture,21,6,19,19,Diamond,1.0,224.5,1,5,1,14,12,1,0,4
29e627a6-c831-48eb-b898-6735316ef852,Ascent,23,7,16,20,Diamond,1.0,270.174,4,1,1,13,10,0,0,4
188c13b7-ed9e-485e-99fa-2ea7a67ab9cf,Fracture,15,7,17,6,Diamond,1.0,174.167,1,4,1,13,11,1,1,3
7bdecbfa-0ea6-48f3-a5eb-fd86ab7c9d75,Split,8,13,12,6,Diamond,1.0,128.571,0,3,2,13,8,0,1,3
e42984d4-6f0b-430a-ba66-bc78ddd07739,Fracture,15,7,10,7,Diamond,1.0,194.0,0,1,3,13,6,1,1,3
4597707c-6038-4926-9f16-87e95b5ff447,Lotus,20,2,24,15,Diamond,1.0,205.0,6,2,0,15,15,0,1,3
7b5c610a-5d2c-4950-a513-fd6f6a0f365b,Lotus,17,2,8,10,Diamond,1.0,237.389,4,0,1,13,5,1,1,3
755ebbab-8e79-4f48-807f-9faa983c5e7e,Haven,20,5,22,9,Diamond,1.0,202.679,3,3,1,15,13,0,1,3
6111bbc3-62dd-46d9-93da-7f12ed4a62de,Breeze,14,5,19,6,Diamond,1.0,165.043,1,6,0,10,13,0,1,3
53ba45ed-3601-4ee0-ac51-bda1d84910a3,Ascent,16,7,14,12,Diamond,1.0,238.5,2,2,1,13,7,0,1,3
2a9e3a5b-0bbc-40fd-99f4-156022767559,Fracture,11,1,16,7,Diamond,1.0,142.727,4,4,0,9,13,1,1,3
49945f93-4c31-4165-bedb-bdf600e47930,Haven,19,2,19,8,Diamond,2.0,213.833,2,4,0,11,13,0,1,3
b46dde6d-5c44-4d28-8758-a396ed732538,Pearl,12,8,11,8,Diamond,2.0,185.611,3,0,1,13,5,0,1,3
b18c189c-f7d3-4f3f-8e37-e070857fa154,Lotus,11,4,14,5,Diamond,2.0,142.81,3,3,2,13,8,1,1,3
89cc53ba-5479-4664-8f98-683e1e897c81,Breeze,13,9,20,10,Diamond,2.0,180.217,3,4,3,13,10,0,1,3
e4817069-70c8-47db-a960-6deaffb4c2f7,Haven,16,5,10,9,Diamond,1.0,247.389,3,2,4,13,5,0,1,3
efa35dca-cbf4-4dbc-8ffa-b791eac9d5b1,Sunset,17,5,20,10,Unrated,,195.333,3,2,1,13,11,1,0,4
b70b671f-f7f5-4596-8bcd-c1fec6dd8a67,Lotus,14,5,18,5,Unrated,,189.043,4,6,2,13,10,0,0,4
6a53e41f-15b9-4536-9a50-3a8a8b49fe36,Split,8,5,16,6,Unrated,,134.55,0,1,0,7,13,0,0,4
88acb196-bdb1-43ec-ae4d-4cda878b4894,Lotus,8,2,11,6,Unrated,,143.389,3,2,1,13,5,1,0,4
f4d3a822-1226-4db2-a506-364f9031244c,Ascent,13,10,20,9,Unrated,,205.87,3,1,0,10,13,0,0,4
b4a95442-91ed-4281-b17c-65504ac2d8dc,Breeze,7,2,8,5,Platinum,1.0,138.267,0,0,0,2,6,0,1,3
7d6f66fe-451a-4003-a6f0-1827046362e3,Summit,5,3,12,6,Platinum,1.0,84.5,1,4,0,7,13,0,1,3
528e0434-01f8-4129-bbbe-6f00f55c7822,Lotus,6,4,10,4,Platinum,1.0,136.125,2,3,0,3,9,1,1,3
b5fb67de-b1a3-4e12-bdb1-97a9b4943cef,Ascent,25,12,14,20,Platinum,1.0,314.545,1,0,1,13,9,0,1,3
