id_partida,jugador,mapa,modo,personaje,rol,kills,asistencias,muertes,headshots,compañeros,rango,subrango,composición,acs,fb,fd,racha,rondas_ganadas,rondas_perdidas
1bbe367b-aeb2-4f1d-9160-84163fc7e83d,angelutrix,Haven,Competitive,Sage,Centinela,8,5,19,4,"['jester', 'sp3eed', 'DylanPrime', 'Aaronnn17']",Silver,2,"['Jett', 'Skye', 'Clove', 'Sage', 'Raze']",130.381,1,1,0,8,13
32fd6f23-6d77-45c6-8ef0-7037a0de5cc0,angelutrix,Haven,Competitive,Astra,Controlador,11,16,22,4,"['XRkokoS', 'NotLuca202', 'XRhstoS9 11', 'Aaronnn17']",Silver,2,"['Iso', 'Sage', 'Phoenix', 'Astra', 'Skye']",141.357,1,3,1,15,13
95799edf-4ec3-4865-bd79-d759ad23bb01,angelutrix,Lotus,Competitive,Skye,Iniciador,21,14,21,5,"['sassolover', 'Zentix', 'XFabianツ', 'Aaronnn17']",Silver,2,"['Phoenix', 'Miks', 'Omen', 'Skye', 'Chamber']",207.300,0,3,0,14,16
38d21fd7-0825-4f38-8747-9760fb59856b,angelutrix,Skirmish B,,Phoenix,Duelista,4,1,12,0,['Aaronnn17'],Unrated,,"['Phoenix', 'Sova']",70.867,1,5,0,5,10
a0be3300-259f-404b-ba43-425bb316260c,angelutrix,Pearl,Competitive,Astra,Controlador,18,3,19,8,"['papa pito', 'BaronRed ツ', 'mamipito', 'Axyela2508']",Silver,2,"['Chamber', 'Astra', 'Neon', 'Killjoy', 'Fade']",227.542,5,2,0,11,13
38d21fd7-0825-4f38-8747-9760fb59856b,angelutrix,Skirmish B,,Phoenix,Duelista,4,1,12,0,['Aaronnn17'],Unrated,,"['Phoenix', 'Sova']",70.867,1,5,0,5,10
00fa081a-0796-466b-a9f8-0fb5bc983aee,angelutrix,Lotus,Competitive,Brimstone,Controlador,26,4,16,20,"['Chiste sad002', 'andy', 'papa pito', 'mamipito']",Silver,2,"['Neon', 'Sage', 'Skye', 'Killjoy', 'Brimstone']",316.391,2,3,1,13,10
fbbff0ae-0b9c-4e7b-901f-a71055f49015,angelutrix,Breeze,Competitive,Skye,Iniciador,20,7,20,16,"['Brian Moser', 'Kairo', 'hanamontana彳', 'hop']",Silver,2,"['Deadlock', 'Reyna', 'Clove', 'Omen', 'Skye']",213.357,3,4,1,14,14
05426d75-f4d9-490b-bf8f-ae822cf565f8,angelutrix,Skirmish C,,Waylay,Duelista,12,2,7,0,['ASHINA'],Unrated,,"['Tejo', 'Waylay']",228.846,7,3,2,10,3
d8f9d067-1f45-4b36-b35b-063956f50c35,angelutrix,Skirmish C,,Astra,Controlador,8,0,11,0,['randoonbx'],Unrated,,"['Astra', 'Raze']",142.692,2,5,0,3,10
376c981b-4602-44fc-b6ab-f4c23dc532ac,angelutrix,Bind,Unrated,Chamber,Centinela,14,2,13,9,"['Chiste sad002', 'rondax', 'ImTheNoobMaster', 'エリック']",Unrated,,"['Chamber', 'Neon', 'Miks', 'Clove', 'Omen']",217.471,0,3,1,13,4
00fa081a-0796-466b-a9f8-0fb5bc983aee,angelutrix,Lotus,Competitive,Brimstone,Controlador,26,4,16,20,"['Chiste sad002', 'andy', 'papa pito', 'mamipito']",Silver,2,"['Neon', 'Sage', 'Skye', 'Killjoy', 'Brimstone']",316.391,2,3,1,13,10
fbbff0ae-0b9c-4e7b-901f-a71055f49015,angelutrix,Breeze,Competitive,Skye,Iniciador,20,7,20,16,"['Brian Moser', 'Kairo', 'hanamontana彳', 'hop']",Silver,2,"['Deadlock', 'Reyna', 'Clove', 'Omen', 'Skye']",213.357,3,4,1,14,14
05426d75-f4d9-490b-bf8f-ae822cf565f8,angelutrix,Skirmish C,,Waylay,Duelista,12,2,7,0,['ASHINA'],Unrated,,"['Tejo', 'Waylay']",228.846,7,3,2,10,3
d8f9d067-1f45-4b36-b35b-063956f50c35,angelutrix,Skirmish C,,Astra,Controlador,8,0,11,0,['randoonbx'],Unrated,,"['Astra', 'Raze']",142.692,2,5,0,3,10
376c981b-4602-44fc-b6ab-f4c23dc532ac,angelutrix,Bind,Unrated,Chamber,Centinela,14,2,13,9,"['Chiste sad002', 'rondax', 'ImTheNoobMaster', 'エリック']",Unrated,,"['Chamber', 'Neon', 'Miks', 'Clove', 'Omen']",217.471,0,3,1,13,4
00fa081a-0796-466b-a9f8-0fb5bc983aee,angelutrix,Lotus,Competitive,Brimstone,Controlador,26,4,16,20,"['Chiste sad002', 'andy', 'papa pito', 'mamipito']",Silver,2,"['Neon', 'Sage', 'Skye', 'Killjoy', 'Brimstone']",316.391,2,3,1,13,10
fbbff0ae-0b9c-4e7b-901f-a71055f49015,angelutrix,Breeze,Competitive,Skye,Iniciador,20,7,20,16,"['Brian Moser', 'Kairo', 'hanamontana彳', 'hop']",Silver,2,"['Deadlock', 'Reyna', 'Clove', 'Omen', 'Skye']",213.357,3,4,1,14,14
05426d75-f4d9-490b-bf8f-ae822cf565f8,angelutrix,Skirmish C,,Waylay,Duelista,12,2,7,0,['ASHINA'],Unrated,,"['Tejo', 'Waylay']",228.846,7,3,2,10,3
d8f9d067-1f45-4b36-b35b-063956f50c35,angelutrix,Skirmish C,,Astra,Controlador,8,0,11,0,['randoonbx'],Unrated,,"['Astra', 'Raze']",142.692,2,5,0,3,10
376c981b-4602-44fc-b6ab-f4c23dc532ac,angelutrix,Bind,Unrated,Chamber,Centinela,14,2,13,9,"['Chiste sad002', 'rondax', 'ImTheNoobMaster', 'エリック']",Unrated,,"['Chamber', 'Neon', 'Miks', 'Clove', 'Omen']",217.471,0,3,1,13,4
00fa081a-0796-466b-a9f8-0fb5bc983aee,angelutrix,Lotus,Competitive,Brimstone,Controlador,26,4,16,20,"['Chiste sad002', 'andy', 'papa pito', 'mamipito']",Silver,2,"['Neon', 'Sage', 'Skye', 'Killjoy', 'Brimstone']",316.391,2,3,1,13,10
fbbff0ae-0b9c-4e7b-901f-a71055f49015,angelutrix,Breeze,Competitive,Skye,Iniciador,20,7,20,16,"['Brian Moser', 'Kairo', 'hanamontana彳', 'hop']",Silver,2,"['Deadlock', 'Reyna', 'Clove', 'Omen', 'Skye']",213.357,3,4,1,14,14
05426d75-f4d9-490b-bf8f-ae822cf565f8,angelutrix,Skirmish C,,Waylay,Duelista,12,2,7,0,['ASHINA'],Unrated,,"['Tejo', 'Waylay']",228.846,7,3,2,10,3
d8f9d067-1f45-4b36-b35b-063956f50c35,angelutrix,Skirmish C,,Astra,Controlador,8,0,11,0,['randoonbx'],Unrated,,"['Astra', 'Raze']",142.692,2,5,0,3,10
376c981b-4602-44fc-b6ab-f4c23dc532ac,angelutrix,Bind,Unrated,Chamber,Centinela,14,2,13,9,"['Chiste sad002', 'rondax', 'ImTheNoobMaster', 'エリック']",Unrated,,"['Chamber', 'Neon', 'Miks', 'Clove', 'Omen']",217.471,0,3,1,13,4
00fa081a-0796-466b-a9f8-0fb5bc983aee,angelutrix,Lotus,Competitive,Brimstone,Controlador,26,4,16,20,"['Chiste sad002', 'andy', 'papa pito', 'mamipito']",Silver,2,"['Neon', 'Sage', 'Skye', 'Killjoy', 'Brimstone']",316.391,2,3,1,13,10
fbbff0ae-0b9c-4e7b-901f-a71055f49015,angelutrix,Breeze,Competitive,Skye,Iniciador,20,7,20,16,"['Brian Moser', 'Kairo', 'hanamontana彳', 'hop']",Silver,2,"['Deadlock', 'Reyna', 'Clove', 'Omen', 'Skye']",213.357,3,4,1,14,14
05426d75-f4d9-490b-bf8f-ae822cf565f8,angelutrix,Skirmish C,,Waylay,Duelista,12,2,7,0,['ASHINA'],Unrated,,"['Tejo', 'Waylay']",228.846,7,3,2,10,3
d8f9d067-1f45-4b36-b35b-063956f50c35,angelutrix,Skirmish C,,Astra,Controlador,8,0,11,0,['randoonbx'],Unrated,,"['Astra', 'Raze']",142.692,2,5,0,3,10
376c981b-4602-44fc-b6ab-f4c23dc532ac,angelutrix,Bind,Unrated,Chamber,Centinela,14,2,13,9,"['Chiste sad002', 'rondax', 'ImTheNoobMaster', 'エリック']",Unrated,,"['Chamber', 'Neon', 'Miks', 'Clove', 'Omen']",217.471,0,3,1,13,4
00fa081a-0796-466b-a9f8-0fb5bc983aee,angelutrix,Lotus,Competitive,Brimstone,Controlador,26,4,16,20,"['Chiste sad002', 'andy', 'papa pito', 'mamipito']",Silver,2,"['Neon', 'Sage', 'Skye', 'Killjoy', 'Brimstone']",316.391,2,3,1,13,10
fbbff0ae-0b9c-4e7b-901f-a71055f49015,angelutrix,Breeze,Competitive,Skye,Iniciador,20,7,20,16,"['Brian Moser', 'Kairo', 'hanamontana彳', 'hop']",Silver,2,"['Deadlock', 'Reyna', 'Clove', 'Omen', 'Skye']",213.357,3,4,1,14,14
376c981b-4602-44fc-b6ab-f4c23dc532ac,angelutrix,Bind,Unrated,Chamber,Centinela,14,2,13,9,"['Chiste sad002', 'rondax', 'ImTheNoobMaster', 'エリック']",Unrated,,"['Chamber', 'Neon', 'Miks', 'Clove', 'Omen']",217.471,0,3,2,13,4
00fa081a-0796-466b-a9f8-0fb5bc983aee,angelutrix,Lotus,Competitive,Brimstone,Controlador,26,4,16,20,"['Chiste sad002', 'andy', 'papa pito', 'mamipito']",Silver,2,"['Neon', 'Sage', 'Skye', 'Killjoy', 'Brimstone']",316.391,2,3,1,13,10
fbbff0ae-0b9c-4e7b-901f-a71055f49015,angelutrix,Breeze,Competitive,Skye,Iniciador,20,7,20,16,"['Brian Moser', 'Kairo', 'hanamontana彳', 'hop']",Silver,2,"['Deadlock', 'Reyna', 'Clove', 'Omen', 'Skye']",213.357,3,4,1,14,14
376c981b-4602-44fc-b6ab-f4c23dc532ac,angelutrix,Bind,Unrated,Chamber,Centinela,14,2,13,9,"['Chiste sad002', 'rondax', 'ImTheNoobMaster', 'エリック']",Unrated,,"['Chamber', 'Neon', 'Miks', 'Clove', 'Omen']",217.471,0,3,2,13,4
00fa081a-0796-466b-a9f8-0fb5bc983aee,angelutrix,Lotus,Competitive,Brimstone,Controlador,26,4,16,20,"['Chiste sad002', 'andy', 'papa pito', 'mamipito']",Silver,2,"['Neon', 'Sage', 'Skye', 'Killjoy', 'Brimstone']",316.391,2,3,1,13,10
fbbff0ae-0b9c-4e7b-901f-a71055f49015,angelutrix,Breeze,Competitive,Skye,Iniciador,20,7,20,16,"['Brian Moser', 'Kairo', 'hanamontana彳', 'hop']",Silver,2,"['Deadlock', 'Reyna', 'Clove', 'Omen', 'Skye']",213.357,3,4,1,14,14
376c981b-4602-44fc-b6ab-f4c23dc532ac,angelutrix,Bind,Unrated,Chamber,Centinela,14,2,13,9,"['Chiste sad002', 'rondax', 'ImTheNoobMaster', 'エリック']",Unrated,,"['Chamber', 'Neon', 'Miks', 'Clove', 'Omen']",217.471,0,3,2,13,4
00fa081a-0796-466b-a9f8-0fb5bc983aee,angelutrix,Lotus,Competitive,Brimstone,Controlador,26,4,16,20,"['Chiste sad002', 'andy', 'papa pito', 'mamipito']",Silver,2,"['Neon', 'Sage', 'Skye', 'Killjoy', 'Brimstone']",316.391,2,3,1,13,10
fbbff0ae-0b9c-4e7b-901f-a71055f49015,angelutrix,Breeze,Competitive,Skye,Iniciador,20,7,20,16,"['Brian Moser', 'Kairo', 'hanamontana彳', 'hop']",Silver,2,"['Deadlock', 'Reyna', 'Clove', 'Omen', 'Skye']",213.357,3,4,1,14,14
376c981b-4602-44fc-b6ab-f4c23dc532ac,angelutrix,Bind,Unrated,Chamber,Centinela,14,2,13,9,"['Chiste sad002', 'rondax', 'ImTheNoobMaster', 'エリック']",Unrated,,"['Chamber', 'Neon', 'Miks', 'Clove', 'Omen']",217.471,0,3,2,13,4
00fa081a-0796-466b-a9f8-0fb5bc983aee,angelutrix,Lotus,Competitive,Brimstone,Controlador,26,4,16,20,"['Chiste sad002', 'andy', 'papa pito', 'mamipito']",Silver,2,"['Neon', 'Sage', 'Skye', 'Killjoy', 'Brimstone']",316.391,2,3,1,13,10
fbbff0ae-0b9c-4e7b-901f-a71055f49015,angelutrix,Breeze,Competitive,Skye,Iniciador,20,7,20,16,"['Brian Moser', 'Kairo', 'hanamontana彳', 'hop']",Silver,2,"['Deadlock', 'Reyna', 'Clove', 'Omen', 'Skye']",213.357,3,4,1,14,14
376c981b-4602-44fc-b6ab-f4c23dc532ac,angelutrix,Bind,Unrated,Chamber,Centinela,14,2,13,9,"['Chiste sad002', 'rondax', 'ImTheNoobMaster', 'エリック']",Unrated,,"['Chamber', 'Neon', 'Miks', 'Clove', 'Omen']",217.471,0,3,2,13,4
00fa081a-0796-466b-a9f8-0fb5bc983aee,angelutrix,Lotus,Competitive,Brimstone,Controlador,26,4,16,20,"['Chiste sad002', 'andy', 'papa pito', 'mamipito']",Silver,2,"['Neon', 'Sage', 'Skye', 'Killjoy', 'Brimstone']",316.391,2,3,1,13,10
fbbff0ae-0b9c-4e7b-901f-a71055f49015,angelutrix,Breeze,Competitive,Skye,Iniciador,20,7,20,16,"['Brian Moser', 'Kairo', 'hanamontana彳', 'hop']",Silver,2,"['Deadlock', 'Reyna', 'Clove', 'Omen', 'Skye']",213.357,3,4,1,14,14
376c981b-4602-44fc-b6ab-f4c23dc532ac,angelutrix,Bind,Unrated,Chamber,Centinela,14,2,13,9,"['Chiste sad002', 'rondax', 'ImTheNoobMaster', 'エリック']",Unrated,,"['Chamber', 'Neon', 'Miks', 'Clove', 'Omen']",217.471,0,3,2,13,4
00fa081a-0796-466b-a9f8-0fb5bc983aee,angelutrix,Lotus,Competitive,Brimstone,Controlador,26,4,16,20,"['Chiste sad002', 'andy', 'papa pito', 'mamipito']",Silver,2,"['Neon', 'Sage', 'Skye', 'Killjoy', 'Brimstone']",316.391,2,3,1,13,10
fbbff0ae-0b9c-4e7b-901f-a71055f49015,angelutrix,Breeze,Competitive,Skye,Iniciador,20,7,20,16,"['Brian Moser', 'Kairo', 'hanamontana彳', 'hop']",Silver,2,"['Deadlock', 'Reyna', 'Clove', 'Omen', 'Skye']",213.357,3,4,1,14,14
376c981b-4602-44fc-b6ab-f4c23dc532ac,angelutrix,Bind,Unrated,Chamber,Centinela,14,2,13,9,"['Chiste sad002', 'rondax', 'ImTheNoobMaster', 'エリック']",Unrated,,"['Chamber', 'Neon', 'Miks', 'Clove', 'Omen']",217.471,0,3,2,13,4
00fa081a-0796-466b-a9f8-0fb5bc983aee,angelutrix,Lotus,Competitive,Brimstone,Controlador,26,4,16,20,"['Chiste sad002', 'andy', 'papa pito', 'mamipito']",Silver,2,"['Neon', 'Sage', 'Skye', 'Killjoy', 'Brimstone']",316.391,2,3,1,13,10
fbbff0ae-0b9c-4e7b-901f-a71055f49015,angelutrix,Breeze,Competitive,Skye,Iniciador,20,7,20,16,"['Brian Moser', 'Kairo', 'hanamontana彳', 'hop']",Silver,2,"['Deadlock', 'Reyna', 'Clove', 'Omen', 'Skye']",213.357,3,4,1,14,14
376c981b-4602-44fc-b6ab-f4c23dc532ac,angelutrix,Bind,Unrated,Chamber,Centinela,14,2,13,9,"['Chiste sad002', 'rondax', 'ImTheNoobMaster', 'エリック']",Unrated,,"['Chamber', 'Neon', 'Miks', 'Clove', 'Omen']",217.471,0,3,2,13,4
1df91289-61fd-4f9f-8937-92216e075af2,angelutrix,Fracture,Competitive,Skye,Iniciador,21,8,16,12,"['papa pito', 'Nicolas mcduro', '54movi', 'B R A l S']",Silver,2,"['Skye', 'Brimstone', 'Jett', 'Reyna', 'Sage']",278.143,5,1,0,8,13
9a5775ee-f7e4-4b00-be02-530f7674357b,angelutrix,Fracture,Unrated,Skye,Iniciador,13,4,13,7,"['Pecolsito', 'Ymarx', 'bardoisback', 'papa pito']",Unrated,,"['Chamber', 'Skye', 'Reyna', 'Phoenix', 'Brimstone']",159.381,1,0,1,13,8
514896b3-37d0-4f8b-82f1-36d4e03b716b,angelutrix,Split,Unrated,Skye,Iniciador,6,4,17,3,"['papa pito', 'ZegiCrnja', 'HarveySpecter', 'AxoCam']",Unrated,,"['Waylay', 'Chamber', 'Jett', 'Miks', 'Skye']",112.550,1,4,0,7,13
bc69f855-fe36-45ba-a64b-49d78d5a3bd6,angelutrix,Corrode,Unrated,Skye,Iniciador,11,4,6,6,"['Kingborg', 'Satoru Gojo', 'ProbLama', 'Yondu Udonta']",Unrated,,"['Iso', 'Neon', 'Skye', 'Sage', 'Miks']",197.812,1,1,1,9,3
1df91289-61fd-4f9f-8937-92216e075af2,angelutrix,Fracture,Competitive,Skye,Iniciador,21,8,16,12,"['papa pito', 'Nicolas mcduro', '54movi', 'B R A l S']",Silver,2,"['Skye', 'Brimstone', 'Jett', 'Reyna', 'Sage']",278.143,5,1,0,8,13
9a5775ee-f7e4-4b00-be02-530f7674357b,angelutrix,Fracture,Unrated,Skye,Iniciador,13,4,13,7,"['Pecolsito', 'Ymarx', 'bardoisback', 'papa pito']",Unrated,,"['Chamber', 'Skye', 'Reyna', 'Phoenix', 'Brimstone']",159.381,1,0,1,13,8
514896b3-37d0-4f8b-82f1-36d4e03b716b,angelutrix,Split,Unrated,Skye,Iniciador,6,4,17,3,"['papa pito', 'ZegiCrnja', 'HarveySpecter', 'AxoCam']",Unrated,,"['Waylay', 'Chamber', 'Jett', 'Miks', 'Skye']",112.550,1,4,0,7,13
bc69f855-fe36-45ba-a64b-49d78d5a3bd6,angelutrix,Corrode,Unrated,Skye,Iniciador,11,4,6,6,"['Kingborg', 'Satoru Gojo', 'ProbLama', 'Yondu Udonta']",Unrated,,"['Iso', 'Neon', 'Skye', 'Sage', 'Miks']",197.812,1,1,1,9,3
66c8a419-a503-41ff-9422-4431ced30f11,angelutrix,Breeze,Competitive,Viper,Controlador,19,3,14,10,"['NADALISTA', 'papa pito', 'titanacorazado14', 'My Error LosTyou']",Silver,2,"['Iso', 'Viper', 'Chamber', 'Sova', 'Phoenix']",245.450,0,3,0,7,13
795d1ccf-b3b5-4691-acaa-c4c3b92e12d8,angelutrix,Breeze,Competitive,Viper,Controlador,12,1,7,7,"['RAW', 'LiL ZACK', 'papa pito', 'titanacorazado14']",Silver,2,"['Reyna', 'Sova', 'Viper', 'Chamber', 'Omen']",214.000,0,1,1,13,1
72a7a97f-6969-492d-9e19-c0eda1078297,angelutrix,Corrode,Unrated,Brimstone,Controlador,10,4,19,4,"['Alvaro28', 'NooTNooT', 'papa pito', 'Capitán Cachopo']",Unrated,,"['Miks', 'Astra', 'Omen', 'Phoenix', 'Brimstone']",147.333,2,1,0,11,13
6b3dd428-3279-415d-9d3d-b171a0f9c52a,angelutrix,Haven,Unrated,Brimstone,Controlador,14,5,11,8,"['papa pito', 'Capitán Cachopo', 'Alvaro28', 'Ønairda  777']",Unrated,,"['Fade', 'Brimstone', 'Jett', 'Iso', 'Vyse']",213.471,1,2,1,13,4
3fdcb99a-0b18-4c62-8f3c-abbd98acba86,angelutrix,Icebox,Unrated,Viper,Controlador,5,1,4,1,"['Ønairda  777', 'papa pito', 'Capitán Cachopo', 'Alvaro28']",Unrated,,"['Killjoy', 'Waylay', 'Viper', 'Phoenix', 'Tejo']",89.538,0,0,2,6,0
38a947ae-5a10-4dca-ac93-38d2eb81a6bb,angelutrix,Haven,Unrated,Vyse,Centinela,24,8,19,12,"['papa pito', 'pinkmoth', 'mamipito', 'Chiste sad002']",Unrated,,"['Omen', 'Sage', 'Vyse', 'Jett', 'Gekko']",296.160,1,2,1,13,12
bfef624e-d376-44fb-9904-fa94176c1c10,angelutrix,Lotus,Unrated,Brimstone,Controlador,13,5,12,4,"['Chiste sad002', 'mamipito', 'julen113', 'papa pito']",Unrated,,"['Vyse', 'KAY/O', 'Reyna', 'Brimstone', 'Skye']",260.125,1,0,0,3,10
fdd4469f-d72e-4963-b5b7-2948a130e34d,angelutrix,Ascent,Swiftplay,Chamber,Centinela,1,3,9,0,"['juanmita11', 'Chiste sad002', 'papa pito', 'Proex411']",Unrated,,"['Astra', 'Gekko', 'Reyna', 'Killjoy', 'Chamber']",86.778,0,1,0,4,5
cdef18e7-590b-44d4-8a9b-f9b472b8ac62,angelutrix,Breeze,Premier,Viper,Controlador,13,2,16,4,"['Axyela2508', 'papa pito', 'Aaronnn17', 'Chiste sad002']",Unrated,,"['Miks', 'Skye', 'Chamber', 'Viper', 'Neon']",175.143,1,1,0,8,13
bef27d95-b659-4002-902f-71dd6c0a9671,angelutrix,Breeze,Premier,Viper,Controlador,15,4,16,10,"['Axyela2508', 'Aaronnn17', 'papa pito', 'Chiste sad002']",Unrated,,"['Sage', 'Sova', 'Chamber', 'Neon', 'Viper']",235.389,2,0,0,5,13
c07f2ea1-1aba-4ce6-88c5-8978ab4d2708,angelutrix,Abyss,Unrated,Chamber,Centinela,15,2,17,5,"['christovell', 'papa pito', 'mamipito', 'rondax']",Unrated,,"['Chamber', 'Sage', 'Skye', 'Omen', 'Reyna']",230.300,3,2,0,7,13
7b0bce8c-f751-4edc-9928-6ac661fdcab4,angelutrix,Fracture,Unrated,Cypher,Centinela,7,3,10,7,"['rondax', 'NOSTA2', 'papa pito', 'mamipito']",Unrated,,"['Reyna', 'Chamber', 'Cypher', 'Astra', 'Skye']",152.625,1,1,0,3,8
25aca070-bfc7-4d92-bf2f-a7e962194e63,angelutrix,Breeze,Unrated,Brimstone,Controlador,17,2,14,11,"['gurudo311', 'mamipito', 'papa pito', 'rondax']",Unrated,,"['Jett', 'Brimstone', 'Viper', 'Skye', 'Chamber']",243.842,1,2,0,6,13
cdef18e7-590b-44d4-8a9b-f9b472b8ac62,angelutrix,Breeze,Premier,Viper,Controlador,13,2,16,4,"['Axyela2508', 'papa pito', 'Aaronnn17', 'Chiste sad002']",Unrated,,"['Miks', 'Skye', 'Chamber', 'Viper', 'Neon']",175.143,1,1,0,8,13
bef27d95-b659-4002-902f-71dd6c0a9671,angelutrix,Breeze,Premier,Viper,Controlador,15,4,16,10,"['Axyela2508', 'Aaronnn17', 'papa pito', 'Chiste sad002']",Unrated,,"['Sage', 'Sova', 'Chamber', 'Neon', 'Viper']",235.389,2,0,0,5,13
c07f2ea1-1aba-4ce6-88c5-8978ab4d2708,angelutrix,Abyss,Unrated,Chamber,Centinela,15,2,17,5,"['christovell', 'papa pito', 'mamipito', 'rondax']",Unrated,,"['Chamber', 'Sage', 'Skye', 'Omen', 'Reyna']",230.300,3,2,0,7,13
7b0bce8c-f751-4edc-9928-6ac661fdcab4,angelutrix,Fracture,Unrated,Cypher,Centinela,7,3,10,7,"['rondax', 'NOSTA2', 'papa pito', 'mamipito']",Unrated,,"['Reyna', 'Chamber', 'Cypher', 'Astra', 'Skye']",152.625,1,1,0,3,8
25aca070-bfc7-4d92-bf2f-a7e962194e63,angelutrix,Breeze,Unrated,Brimstone,Controlador,17,2,14,11,"['gurudo311', 'mamipito', 'papa pito', 'rondax']",Unrated,,"['Jett', 'Brimstone', 'Viper', 'Skye', 'Chamber']",243.842,1,2,0,6,13
cdef18e7-590b-44d4-8a9b-f9b472b8ac62,angelutrix,Breeze,Premier,Viper,Controlador,13,2,16,4,"['Axyela2508', 'papa pito', 'Aaronnn17', 'Chiste sad002']",Unrated,,"['Miks', 'Skye', 'Chamber', 'Viper', 'Neon']",175.143,1,1,0,8,13
bef27d95-b659-4002-902f-71dd6c0a9671,angelutrix,Breeze,Premier,Viper,Controlador,15,4,16,10,"['Axyela2508', 'Aaronnn17', 'papa pito', 'Chiste sad002']",Unrated,,"['Sage', 'Sova', 'Chamber', 'Neon', 'Viper']",235.389,2,0,0,5,13
c07f2ea1-1aba-4ce6-88c5-8978ab4d2708,angelutrix,Abyss,Unrated,Chamber,Centinela,15,2,17,5,"['christovell', 'papa pito', 'mamipito', 'rondax']",Unrated,,"['Chamber', 'Sage', 'Skye', 'Omen', 'Reyna']",230.300,3,2,0,7,13
7b0bce8c-f751-4edc-9928-6ac661fdcab4,angelutrix,Fracture,Unrated,Cypher,Centinela,7,3,10,7,"['rondax', 'NOSTA2', 'papa pito', 'mamipito']",Unrated,,"['Reyna', 'Chamber', 'Cypher', 'Astra', 'Skye']",152.625,1,1,0,3,8
25aca070-bfc7-4d92-bf2f-a7e962194e63,angelutrix,Breeze,Unrated,Brimstone,Controlador,17,2,14,11,"['gurudo311', 'mamipito', 'papa pito', 'rondax']",Unrated,,"['Jett', 'Brimstone', 'Viper', 'Skye', 'Chamber']",243.842,1,2,0,6,13
cdef18e7-590b-44d4-8a9b-f9b472b8ac62,angelutrix,Breeze,Premier,Viper,Controlador,13,2,16,4,"['Axyela2508', 'papa pito', 'Aaronnn17', 'Chiste sad002']",Unrated,,"['Miks', 'Skye', 'Chamber', 'Viper', 'Neon']",175.143,1,1,0,8,13
bef27d95-b659-4002-902f-71dd6c0a9671,angelutrix,Breeze,Premier,Viper,Controlador,15,4,16,10,"['Axyela2508', 'Aaronnn17', 'papa pito', 'Chiste sad002']",Unrated,,"['Sage', 'Sova', 'Chamber', 'Neon', 'Viper']",235.389,2,0,0,5,13
c07f2ea1-1aba-4ce6-88c5-8978ab4d2708,angelutrix,Abyss,Unrated,Chamber,Centinela,15,2,17,5,"['christovell', 'papa pito', 'mamipito', 'rondax']",Unrated,,"['Chamber', 'Sage', 'Skye', 'Omen', 'Reyna']",230.300,3,2,0,7,13
7b0bce8c-f751-4edc-9928-6ac661fdcab4,angelutrix,Fracture,Unrated,Cypher,Centinela,7,3,10,7,"['rondax', 'NOSTA2', 'papa pito', 'mamipito']",Unrated,,"['Reyna', 'Chamber', 'Cypher', 'Astra', 'Skye']",152.625,1,1,0,3,8
25aca070-bfc7-4d92-bf2f-a7e962194e63,angelutrix,Breeze,Unrated,Brimstone,Controlador,17,2,14,11,"['gurudo311', 'mamipito', 'papa pito', 'rondax']",Unrated,,"['Jett', 'Brimstone', 'Viper', 'Skye', 'Chamber']",243.842,1,2,0,6,13
cdef18e7-590b-44d4-8a9b-f9b472b8ac62,angelutrix,Breeze,Premier,Viper,Controlador,13,2,16,4,"['Axyela2508', 'papa pito', 'Aaronnn17', 'Chiste sad002']",Unrated,,"['Miks', 'Skye', 'Chamber', 'Viper', 'Neon']",175.143,1,1,0,8,13
bef27d95-b659-4002-902f-71dd6c0a9671,angelutrix,Breeze,Premier,Viper,Controlador,15,4,16,10,"['Axyela2508', 'Aaronnn17', 'papa pito', 'Chiste sad002']",Unrated,,"['Sage', 'Sova', 'Chamber', 'Neon', 'Viper']",235.389,2,0,0,5,13
c07f2ea1-1aba-4ce6-88c5-8978ab4d2708,angelutrix,Abyss,Unrated,Chamber,Centinela,15,2,17,5,"['christovell', 'papa pito', 'mamipito', 'rondax']",Unrated,,"['Chamber', 'Sage', 'Skye', 'Omen', 'Reyna']",230.300,3,2,0,7,13
7b0bce8c-f751-4edc-9928-6ac661fdcab4,angelutrix,Fracture,Unrated,Cypher,Centinela,7,3,10,7,"['rondax', 'NOSTA2', 'papa pito', 'mamipito']",Unrated,,"['Reyna', 'Chamber', 'Cypher', 'Astra', 'Skye']",152.625,1,1,0,3,8
25aca070-bfc7-4d92-bf2f-a7e962194e63,angelutrix,Breeze,Unrated,Brimstone,Controlador,17,2,14,11,"['gurudo311', 'mamipito', 'papa pito', 'rondax']",Unrated,,"['Jett', 'Brimstone', 'Viper', 'Skye', 'Chamber']",243.842,1,2,0,6,13
cdef18e7-590b-44d4-8a9b-f9b472b8ac62,angelutrix,Breeze,Premier,Viper,Controlador,13,2,16,4,"['Axyela2508', 'papa pito', 'Aaronnn17', 'Chiste sad002']",Unrated,,"['Miks', 'Skye', 'Chamber', 'Viper', 'Neon']",175.143,1,1,0,8,13
bef27d95-b659-4002-902f-71dd6c0a9671,angelutrix,Breeze,Premier,Viper,Controlador,15,4,16,10,"['Axyela2508', 'Aaronnn17', 'papa pito', 'Chiste sad002']",Unrated,,"['Sage', 'Sova', 'Chamber', 'Neon', 'Viper']",235.389,2,0,0,5,13
c07f2ea1-1aba-4ce6-88c5-8978ab4d2708,angelutrix,Abyss,Unrated,Chamber,Centinela,15,2,17,5,"['christovell', 'papa pito', 'mamipito', 'rondax']",Unrated,,"['Chamber', 'Sage', 'Skye', 'Omen', 'Reyna']",230.300,3,2,0,7,13
7b0bce8c-f751-4edc-9928-6ac661fdcab4,angelutrix,Fracture,Unrated,Cypher,Centinela,7,3,10,7,"['rondax', 'NOSTA2', 'papa pito', 'mamipito']",Unrated,,"['Reyna', 'Chamber', 'Cypher', 'Astra', 'Skye']",152.625,1,1,0,3,8
25aca070-bfc7-4d92-bf2f-a7e962194e63,angelutrix,Breeze,Unrated,Brimstone,Controlador,17,2,14,11,"['gurudo311', 'mamipito', 'papa pito', 'rondax']",Unrated,,"['Jett', 'Brimstone', 'Viper', 'Skye', 'Chamber']",243.842,1,2,0,6,13
cdef18e7-590b-44d4-8a9b-f9b472b8ac62,angelutrix,Breeze,Premier,Viper,Controlador,13,2,16,4,"['Axyela2508', 'papa pito', 'Aaronnn17', 'Chiste sad002']",Unrated,,"['Miks', 'Skye', 'Chamber', 'Viper', 'Neon']",175.143,1,1,0,8,13
bef27d95-b659-4002-902f-71dd6c0a9671,angelutrix,Breeze,Premier,Viper,Controlador,15,4,16,10,"['Axyela2508', 'Aaronnn17', 'papa pito', 'Chiste sad002']",Unrated,,"['Sage', 'Sova', 'Chamber', 'Neon', 'Viper']",235.389,2,0,0,5,13
c07f2ea1-1aba-4ce6-88c5-8978ab4d2708,angelutrix,Abyss,Unrated,Chamber,Centinela,15,2,17,5,"['christovell', 'papa pito', 'mamipito', 'rondax']",Unrated,,"['Chamber', 'Sage', 'Skye', 'Omen', 'Reyna']",230.300,3,2,0,7,13
7b0bce8c-f751-4edc-9928-6ac661fdcab4,angelutrix,Fracture,Unrated,Cypher,Centinela,7,3,10,7,"['rondax', 'NOSTA2', 'papa pito', 'mamipito']",Unrated,,"['Reyna', 'Chamber', 'Cypher', 'Astra', 'Skye']",152.625,1,1,0,3,8
25aca070-bfc7-4d92-bf2f-a7e962194e63,angelutrix,Breeze,Unrated,Brimstone,Controlador,17,2,14,11,"['gurudo311', 'mamipito', 'papa pito', 'rondax']",Unrated,,"['Jett', 'Brimstone', 'Viper', 'Skye', 'Chamber']",243.842,1,2,0,6,13
cdef18e7-590b-44d4-8a9b-f9b472b8ac62,angelutrix,Breeze,Premier,Viper,Controlador,13,2,16,4,"['Axyela2508', 'papa pito', 'Aaronnn17', 'Chiste sad002']",Unrated,,"['Miks', 'Skye', 'Chamber', 'Viper', 'Neon']",175.143,1,1,0,8,13
bef27d95-b659-4002-902f-71dd6c0a9671,angelutrix,Breeze,Premier,Viper,Controlador,15,4,16,10,"['Axyela2508', 'Aaronnn17', 'papa pito', 'Chiste sad002']",Unrated,,"['Sage', 'Sova', 'Chamber', 'Neon', 'Viper']",235.389,2,0,0,5,13
c07f2ea1-1aba-4ce6-88c5-8978ab4d2708,angelutrix,Abyss,Unrated,Chamber,Centinela,15,2,17,5,"['christovell', 'papa pito', 'mamipito', 'rondax']",Unrated,,"['Chamber', 'Sage', 'Skye', 'Omen', 'Reyna']",230.300,3,2,0,7,13
7b0bce8c-f751-4edc-9928-6ac661fdcab4,angelutrix,Fracture,Unrated,Cypher,Centinela,7,3,10,7,"['rondax', 'NOSTA2', 'papa pito', 'mamipito']",Unrated,,"['Reyna', 'Chamber', 'Cypher', 'Astra', 'Skye']",152.625,1,1,0,3,8
25aca070-bfc7-4d92-bf2f-a7e962194e63,angelutrix,Breeze,Unrated,Brimstone,Controlador,17,2,14,11,"['gurudo311', 'mamipito', 'papa pito', 'rondax']",Unrated,,"['Jett', 'Brimstone', 'Viper', 'Skye', 'Chamber']",243.842,1,2,0,6,13
cdef18e7-590b-44d4-8a9b-f9b472b8ac62,angelutrix,Breeze,Premier,Viper,Controlador,13,2,16,4,"['Axyela2508', 'papa pito', 'Aaronnn17', 'Chiste sad002']",Unrated,,"['Miks', 'Skye', 'Chamber', 'Viper', 'Neon']",175.143,1,1,0,8,13
bef27d95-b659-4002-902f-71dd6c0a9671,angelutrix,Breeze,Premier,Viper,Controlador,15,4,16,10,"['Axyela2508', 'Aaronnn17', 'papa pito', 'Chiste sad002']",Unrated,,"['Sage', 'Sova', 'Chamber', 'Neon', 'Viper']",235.389,2,0,0,5,13
c07f2ea1-1aba-4ce6-88c5-8978ab4d2708,angelutrix,Abyss,Unrated,Chamber,Centinela,15,2,17,5,"['christovell', 'papa pito', 'mamipito', 'rondax']",Unrated,,"['Chamber', 'Sage', 'Skye', 'Omen', 'Reyna']",230.300,3,2,0,7,13
7b0bce8c-f751-4edc-9928-6ac661fdcab4,angelutrix,Fracture,Unrated,Cypher,Centinela,7,3,10,7,"['rondax', 'NOSTA2', 'papa pito', 'mamipito']",Unrated,,"['Reyna', 'Chamber', 'Cypher', 'Astra', 'Skye']",152.625,1,1,0,3,8
25aca070-bfc7-4d92-bf2f-a7e962194e63,angelutrix,Breeze,Unrated,Brimstone,Controlador,17,2,14,11,"['gurudo311', 'mamipito', 'papa pito', 'rondax']",Unrated,,"['Jett', 'Brimstone', 'Viper', 'Skye', 'Chamber']",243.842,1,2,0,6,13
cdef18e7-590b-44d4-8a9b-f9b472b8ac62,angelutrix,Breeze,Premier,Viper,Controlador,13,2,16,4,"['Axyela2508', 'papa pito', 'Aaronnn17', 'Chiste sad002']",Unrated,,"['Miks', 'Skye', 'Chamber', 'Viper', 'Neon']",175.143,1,1,0,8,13
bef27d95-b659-4002-902f-71dd6c0a9671,angelutrix,Breeze,Premier,Viper,Controlador,15,4,16,10,"['Axyela2508', 'Aaronnn17', 'papa pito', 'Chiste sad002']",Unrated,,"['Sage', 'Sova', 'Chamber', 'Neon', 'Viper']",235.389,2,0,0,5,13
c07f2ea1-1aba-4ce6-88c5-8978ab4d2708,angelutrix,Abyss,Unrated,Chamber,Centinela,15,2,17,5,"['christovell', 'papa pito', 'mamipito', 'rondax']",Unrated,,"['Chamber', 'Sage', 'Skye', 'Omen', 'Reyna']",230.300,3,2,0,7,13
7b0bce8c-f751-4edc-9928-6ac661fdcab4,angelutrix,Fracture,Unrated,Cypher,Centinela,7,3,10,7,"['rondax', 'NOSTA2', 'papa pito', 'mamipito']",Unrated,,"['Reyna', 'Chamber', 'Cypher', 'Astra', 'Skye']",152.625,1,1,0,3,8
25aca070-bfc7-4d92-bf2f-a7e962194e63,angelutrix,Breeze,Unrated,Brimstone,Controlador,17,2,14,11,"['gurudo311', 'mamipito', 'papa pito', 'rondax']",Unrated,,"['Jett', 'Brimstone', 'Viper', 'Skye', 'Chamber']",243.842,1,2,0,6,13
cdef18e7-590b-44d4-8a9b-f9b472b8ac62,angelutrix,Breeze,Premier,Viper,Controlador,13,2,16,4,"['Axyela2508', 'papa pito', 'Aaronnn17', 'Chiste sad002']",Unrated,,"['Miks', 'Skye', 'Chamber', 'Viper', 'Neon']",175.143,1,1,0,8,13
bef27d95-b659-4002-902f-71dd6c0a9671,angelutrix,Breeze,Premier,Viper,Controlador,15,4,16,10,"['Axyela2508', 'Aaronnn17', 'papa pito', 'Chiste sad002']",Unrated,,"['Sage', 'Sova', 'Chamber', 'Neon', 'Viper']",235.389,2,0,0,5,13
c07f2ea1-1aba-4ce6-88c5-8978ab4d2708,angelutrix,Abyss,Unrated,Chamber,Centinela,15,2,17,5,"['christovell', 'papa pito', 'mamipito', 'rondax']",Unrated,,"['Chamber', 'Sage', 'Skye', 'Omen', 'Reyna']",230.300,3,2,0,7,13
7b0bce8c-f751-4edc-9928-6ac661fdcab4,angelutrix,Fracture,Unrated,Cypher,Centinela,7,3,10,7,"['rondax', 'NOSTA2', 'papa pito', 'mamipito']",Unrated,,"['Reyna', 'Chamber', 'Cypher', 'Astra', 'Skye']",152.625,1,1,0,3,8
25aca070-bfc7-4d92-bf2f-a7e962194e63,angelutrix,Breeze,Unrated,Brimstone,Controlador,17,2,14,11,"['gurudo311', 'mamipito', 'papa pito', 'rondax']",Unrated,,"['Jett', 'Brimstone', 'Viper', 'Skye', 'Chamber']",243.842,1,2,0,6,13
cdef18e7-590b-44d4-8a9b-f9b472b8ac62,angelutrix,Breeze,Premier,Viper,Controlador,13,2,16,4,"['Axyela2508', 'papa pito', 'Aaronnn17', 'Chiste sad002']",Unrated,,"['Miks', 'Skye', 'Chamber', 'Viper', 'Neon']",175.143,1,1,0,8,13
bef27d95-b659-4002-902f-71dd6c0a9671,angelutrix,Breeze,Premier,Viper,Controlador,15,4,16,10,"['Axyela2508', 'Aaronnn17', 'papa pito', 'Chiste sad002']",Unrated,,"['Sage', 'Sova', 'Chamber', 'Neon', 'Viper']",235.389,2,0,0,5,13
c07f2ea1-1aba-4ce6-88c5-8978ab4d2708,angelutrix,Abyss,Unrated,Chamber,Centinela,15,2,17,5,"['christovell', 'papa pito', 'mamipito', 'rondax']",Unrated,,"['Chamber', 'Sage', 'Skye', 'Omen', 'Reyna']",230.300,3,2,0,7,13
7b0bce8c-f751-4edc-9928-6ac661fdcab4,angelutrix,Fracture,Unrated,Cypher,Centinela,7,3,10,7,"['rondax', 'NOSTA2', 'papa pito', 'mamipito']",Unrated,,"['Reyna', 'Chamber', 'Cypher', 'Astra', 'Skye']",152.625,1,1,0,3,8
25aca070-bfc7-4d92-bf2f-a7e962194e63,angelutrix,Breeze,Unrated,Brimstone,Controlador,17,2,14,11,"['gurudo311', 'mamipito', 'papa pito', 'rondax']",Unrated,,"['Jett', 'Brimstone', 'Viper', 'Skye', 'Chamber']",243.842,1,2,0,6,13
cdef18e7-590b-44d4-8a9b-f9b472b8ac62,angelutrix,Breeze,Premier,Viper,Controlador,13,2,16,4,"['Axyela2508', 'papa pito', 'Aaronnn17', 'Chiste sad002']",Unrated,,"['Miks', 'Skye', 'Chamber', 'Viper', 'Neon']",175.143,1,1,0,8,13
bef27d95-b659-4002-902f-71dd6c0a9671,angelutrix,Breeze,Premier,Viper,Controlador,15,4,16,10,"['Axyela2508', 'Aaronnn17', 'papa pito', 'Chiste sad002']",Unrated,,"['Sage', 'Sova', 'Chamber', 'Neon', 'Viper']",235.389,2,0,0,5,13
c07f2ea1-1aba-4ce6-88c5-8978ab4d2708,angelutrix,Abyss,Unrated,Chamber,Centinela,15,2,17,5,"['christovell', 'papa pito', 'mamipito', 'rondax']",Unrated,,"['Chamber', 'Sage', 'Skye', 'Omen', 'Reyna']",230.300,3,2,0,7,13
7b0bce8c-f751-4edc-9928-6ac661fdcab4,angelutrix,Fracture,Unrated,Cypher,Centinela,7,3,10,7,"['rondax', 'NOSTA2', 'papa pito', 'mamipito']",Unrated,,"['Reyna', 'Chamber', 'Cypher', 'Astra', 'Skye']",152.625,1,1,0,3,8
25aca070-bfc7-4d92-bf2f-a7e962194e63,angelutrix,Breeze,Unrated,Brimstone,Controlador,17,2,14,11,"['gurudo311', 'mamipito', 'papa pito', 'rondax']",Unrated,,"['Jett', 'Brimstone', 'Viper', 'Skye', 'Chamber']",243.842,1,2,0,6,13
cdef18e7-590b-44d4-8a9b-f9b472b8ac62,angelutrix,Breeze,Premier,Viper,Controlador,13,2,16,4,"['Axyela2508', 'papa pito', 'Aaronnn17', 'Chiste sad002']",Unrated,,"['Miks', 'Skye', 'Chamber', 'Viper', 'Neon']",175.143,1,1,0,8,13
bef27d95-b659-4002-902f-71dd6c0a9671,angelutrix,Breeze,Premier,Viper,Controlador,15,4,16,10,"['Axyela2508', 'Aaronnn17', 'papa pito', 'Chiste sad002']",Unrated,,"['Sage', 'Sova', 'Chamber', 'Neon', 'Viper']",235.389,2,0,0,5,13
c07f2ea1-1aba-4ce6-88c5-8978ab4d2708,angelutrix,Abyss,Unrated,Chamber,Centinela,15,2,17,5,"['christovell', 'papa pito', 'mamipito', 'rondax']",Unrated,,"['Chamber', 'Sage', 'Skye', 'Omen', 'Reyna']",230.300,3,2,0,7,13
7b0bce8c-f751-4edc-9928-6ac661fdcab4,angelutrix,Fracture,Unrated,Cypher,Centinela,7,3,10,7,"['rondax', 'NOSTA2', 'papa pito', 'mamipito']",Unrated,,"['Reyna', 'Chamber', 'Cypher', 'Astra', 'Skye']",152.625,1,1,0,3,8
25aca070-bfc7-4d92-bf2f-a7e962194e63,angelutrix,Breeze,Unrated,Brimstone,Controlador,17,2,14,11,"['gurudo311', 'mamipito', 'papa pito', 'rondax']",Unrated,,"['Jett', 'Brimstone', 'Viper', 'Skye', 'Chamber']",243.842,1,2,0,6,13
cdef18e7-590b-44d4-8a9b-f9b472b8ac62,angelutrix,Breeze,Premier,Viper,Controlador,13,2,16,4,"['Axyela2508', 'papa pito', 'Aaronnn17', 'Chiste sad002']",Unrated,,"['Miks', 'Skye', 'Chamber', 'Viper', 'Neon']",175.143,1,1,0,8,13
bef27d95-b659-4002-902f-71dd6c0a9671,angelutrix,Breeze,Premier,Viper,Controlador,15,4,16,10,"['Axyela2508', 'Aaronnn17', 'papa pito', 'Chiste sad002']",Unrated,,"['Sage', 'Sova', 'Chamber', 'Neon', 'Viper']",235.389,2,0,0,5,13
c07f2ea1-1aba-4ce6-88c5-8978ab4d2708,angelutrix,Abyss,Unrated,Chamber,Centinela,15,2,17,5,"['christovell', 'papa pito', 'mamipito', 'rondax']",Unrated,,"['Chamber', 'Sage', 'Skye', 'Omen', 'Reyna']",230.300,3,2,0,7,13
7b0bce8c-f751-4edc-9928-6ac661fdcab4,angelutrix,Fracture,Unrated,Cypher,Centinela,7,3,10,7,"['rondax', 'NOSTA2', 'papa pito', 'mamipito']",Unrated,,"['Reyna', 'Chamber', 'Cypher', 'Astra', 'Skye']",152.625,1,1,0,3,8
25aca070-bfc7-4d92-bf2f-a7e962194e63,angelutrix,Breeze,Unrated,Brimstone,Controlador,17,2,14,11,"['gurudo311', 'mamipito', 'papa pito', 'rondax']",Unrated,,"['Jett', 'Brimstone', 'Viper', 'Skye', 'Chamber']",243.842,1,2,0,6,13
a344906a-65f2-45c3-beec-d323fe4e50aa,angelutrix,Skirmish D,Custom Game,Sage,Centinela,10,3,12,0,['Player with aura'],Unrated,,"['Jett', 'Sage']",149.842,4,6,0,9,10
99ed9f64-1da3-4e41-a255-940a28f0ced2,angelutrix,Skirmish B,Custom Game,Sage,Centinela,11,1,13,0,['モハメッド'],Unrated,,"['Vyse', 'Sage']",160.947,6,4,0,9,10
da2b3649-0b1c-4600-94a9-61d01a709805,angelutrix,Skirmish D,Custom Game,Chamber,Centinela,5,0,10,0,[],Unrated,,['Chamber'],92.733,5,10,0,5,10
a344906a-65f2-45c3-beec-d323fe4e50aa,angelutrix,Skirmish D,Custom Game,Sage,Centinela,10,3,12,0,['Player with aura'],Unrated,,"['Jett', 'Sage']",149.842,4,6,0,9,10
99ed9f64-1da3-4e41-a255-940a28f0ced2,angelutrix,Skirmish B,Custom Game,Sage,Centinela,11,1,13,0,['モハメッド'],Unrated,,"['Vyse', 'Sage']",160.947,6,4,0,9,10
da2b3649-0b1c-4600-94a9-61d01a709805,angelutrix,Skirmish D,Custom Game,Chamber,Centinela,5,0,10,0,[],Unrated,,['Chamber'],92.733,5,10,0,5,10
a344906a-65f2-45c3-beec-d323fe4e50aa,angelutrix,Skirmish D,Custom Game,Sage,Centinela,10,3,12,0,['Player with aura'],Unrated,,"['Jett', 'Sage']",149.842,4,6,0,9,10
99ed9f64-1da3-4e41-a255-940a28f0ced2,angelutrix,Skirmish B,Custom Game,Sage,Centinela,11,1,13,0,['モハメッド'],Unrated,,"['Vyse', 'Sage']",160.947,6,4,0,9,10
da2b3649-0b1c-4600-94a9-61d01a709805,angelutrix,Skirmish D,Custom Game,Chamber,Centinela,5,0,10,0,[],Unrated,,['Chamber'],92.733,5,10,0,5,10
a344906a-65f2-45c3-beec-d323fe4e50aa,angelutrix,Skirmish D,Custom Game,Sage,Centinela,10,3,12,0,['Player with aura'],Unrated,,"['Jett', 'Sage']",149.842,4,6,0,9,10
99ed9f64-1da3-4e41-a255-940a28f0ced2,angelutrix,Skirmish B,Custom Game,Sage,Centinela,11,1,13,0,['モハメッド'],Unrated,,"['Vyse', 'Sage']",160.947,6,4,0,9,10
da2b3649-0b1c-4600-94a9-61d01a709805,angelutrix,Skirmish D,Custom Game,Chamber,Centinela,5,0,10,0,[],Unrated,,['Chamber'],92.733,5,10,0,5,10
a344906a-65f2-45c3-beec-d323fe4e50aa,angelutrix,Skirmish D,Custom Game,Sage,Centinela,10,3,12,0,['Player with aura'],Unrated,,"['Jett', 'Sage']",149.842,4,6,0,9,10
99ed9f64-1da3-4e41-a255-940a28f0ced2,angelutrix,Skirmish B,Custom Game,Sage,Centinela,11,1,13,0,['モハメッド'],Unrated,,"['Vyse', 'Sage']",160.947,6,4,0,9,10
da2b3649-0b1c-4600-94a9-61d01a709805,angelutrix,Skirmish D,Custom Game,Chamber,Centinela,5,0,10,0,[],Unrated,,['Chamber'],92.733,5,10,0,5,10
a344906a-65f2-45c3-beec-d323fe4e50aa,angelutrix,Skirmish D,Custom Game,Sage,Centinela,10,3,12,0,['Player with aura'],Unrated,,"['Jett', 'Sage']",149.842,4,6,0,9,10
99ed9f64-1da3-4e41-a255-940a28f0ced2,angelutrix,Skirmish B,Custom Game,Sage,Centinela,11,1,13,0,['モハメッド'],Unrated,,"['Vyse', 'Sage']",160.947,6,4,0,9,10
da2b3649-0b1c-4600-94a9-61d01a709805,angelutrix,Skirmish D,Custom Game,Chamber,Centinela,5,0,10,0,[],Unrated,,['Chamber'],92.733,5,10,0,5,10
a344906a-65f2-45c3-beec-d323fe4e50aa,angelutrix,Skirmish D,Custom Game,Sage,Centinela,10,3,12,0,['Player with aura'],Unrated,,"['Jett', 'Sage']",149.842,4,6,0,9,10
99ed9f64-1da3-4e41-a255-940a28f0ced2,angelutrix,Skirmish B,Custom Game,Sage,Centinela,11,1,13,0,['モハメッド'],Unrated,,"['Vyse', 'Sage']",160.947,6,4,0,9,10
dc9c2fde-954f-45e6-87c7-a7df0c54f2af,angelutrix,Skirmish A,Custom Game,Chamber,Centinela,3,0,10,0,['ggaarciaa00'],Unrated,,"['Chamber', 'Iso']",84.400,2,5,0,0,10
2b641fa8-a789-48a1-b2ad-8f0d1ffd4f47,angelutrix,Skirmish C,Custom Game,Chamber,Centinela,15,0,10,0,['Not Iug'],Unrated,,"['Chamber', 'Jett']",207.706,3,4,0,7,10
d606ec31-6800-4467-bde2-712fac77422e,angelutrix,Fracture,Competitive,Chamber,Centinela,20,2,10,4,"['Geld', 'JwasshyMoss', 'ズのｱﾘ', 'iri17']",Silver,2,"['Phoenix', 'Waylay', 'Raze', 'Sage', 'Chamber']",295.412,3,0,1,13,4
2091ebff-5d61-4493-9d68-07a450bdb53d,angelutrix,Pearl,Premier,KAY/O,Iniciador,7,4,15,3,"['Aaronnn17', 'papa pito', 'Chiste sad002', 'mamipito']",Unrated,,"['Chamber', 'Astra', 'KAY/O', 'Neon', 'Killjoy']",148.882,0,3,0,4,13
9c270cb3-5cf3-4849-82dc-90318170bc87,angelutrix,Pearl,Premier,Astra,Controlador,12,2,15,8,"['Aaronnn17', 'mamipito', 'Chiste sad002', 'papa pito']",Unrated,,"['Chamber', 'Killjoy', 'Astra', 'Neon', 'Fade']",157.318,1,0,0,9,13
dc9c2fde-954f-45e6-87c7-a7df0c54f2af,angelutrix,Skirmish A,Custom Game,Chamber,Centinela,3,0,10,0,['ggaarciaa00'],Unrated,,"['Chamber', 'Iso']",84.400,2,5,0,0,10
2b641fa8-a789-48a1-b2ad-8f0d1ffd4f47,angelutrix,Skirmish C,Custom Game,Chamber,Centinela,15,0,10,0,['Not Iug'],Unrated,,"['Chamber', 'Jett']",207.706,3,4,0,7,10
d606ec31-6800-4467-bde2-712fac77422e,angelutrix,Fracture,Competitive,Chamber,Centinela,20,2,10,4,"['Geld', 'JwasshyMoss', 'ズのｱﾘ', 'iri17']",Silver,2,"['Phoenix', 'Waylay', 'Raze', 'Sage', 'Chamber']",295.412,3,0,1,13,4
2091ebff-5d61-4493-9d68-07a450bdb53d,angelutrix,Pearl,Premier,KAY/O,Iniciador,7,4,15,3,"['Aaronnn17', 'papa pito', 'Chiste sad002', 'mamipito']",Unrated,,"['Chamber', 'Astra', 'KAY/O', 'Neon', 'Killjoy']",148.882,0,3,0,4,13
9c270cb3-5cf3-4849-82dc-90318170bc87,angelutrix,Pearl,Premier,Astra,Controlador,12,2,15,8,"['Aaronnn17', 'mamipito', 'Chiste sad002', 'papa pito']",Unrated,,"['Chamber', 'Killjoy', 'Astra', 'Neon', 'Fade']",157.318,1,0,0,9,13
dc9c2fde-954f-45e6-87c7-a7df0c54f2af,angelutrix,Skirmish A,Custom Game,Chamber,Centinela,3,0,10,0,['ggaarciaa00'],Unrated,,"['Chamber', 'Iso']",84.400,2,5,0,0,10
2b641fa8-a789-48a1-b2ad-8f0d1ffd4f47,angelutrix,Skirmish C,Custom Game,Chamber,Centinela,15,0,10,0,['Not Iug'],Unrated,,"['Chamber', 'Jett']",207.706,3,4,0,7,10
d606ec31-6800-4467-bde2-712fac77422e,angelutrix,Fracture,Competitive,Chamber,Centinela,20,2,10,4,"['Geld', 'JwasshyMoss', 'ズのｱﾘ', 'iri17']",Silver,2,"['Phoenix', 'Waylay', 'Raze', 'Sage', 'Chamber']",295.412,3,0,1,13,4
2091ebff-5d61-4493-9d68-07a450bdb53d,angelutrix,Pearl,Premier,KAY/O,Iniciador,7,4,15,3,"['Aaronnn17', 'papa pito', 'Chiste sad002', 'mamipito']",Unrated,,"['Chamber', 'Astra', 'KAY/O', 'Neon', 'Killjoy']",148.882,0,3,0,4,13
9c270cb3-5cf3-4849-82dc-90318170bc87,angelutrix,Pearl,Premier,Astra,Controlador,12,2,15,8,"['Aaronnn17', 'mamipito', 'Chiste sad002', 'papa pito']",Unrated,,"['Chamber', 'Killjoy', 'Astra', 'Neon', 'Fade']",157.318,1,0,0,9,13
